<?xml version="1.0" encoding="UTF-8"?>
<project-private xmlns="http://www.netbeans.org/ns/project-private/1">
    <editor-bookmarks xmlns="http://www.netbeans.org/ns/editor-bookmarks/2" lastBookmarkId="0"/>
    <open-files xmlns="http://www.netbeans.org/ns/projectui-open-files/2">
        <group>
            <file>file:/C:/Users/chris/OneDrive/Documents/NetBeansProjects/ProjetJaava/src/vue/PanelTab.java</file>
            <file>file:/C:/Users/chris/OneDrive/Documents/NetBeansProjects/ProjetJaava/src/modele/UnBulletin.java</file>
            <file>file:/C:/Users/chris/OneDrive/Documents/NetBeansProjects/ProjetJaava/src/vue/OpenBulletin.java</file>
            <file>file:/C:/Users/chris/OneDrive/Documents/NetBeansProjects/ProjetJaava/src/vue/TablePanel.java</file>
            <file>file:/C:/Users/chris/OneDrive/Documents/NetBeansProjects/ProjetJaava/src/vue/UnBulletinTableModele.java</file>
            <file>file:/C:/Users/chris/OneDrive/Documents/NetBeansProjects/ProjetJaava/src/modele/Connexion.java</file>
            <file>file:/C:/Users/chris/OneDrive/Documents/NetBeansProjects/ProjetJaava/src/vue/MainFrameCo.java</file>
            <file>file:/C:/Users/chris/OneDrive/Documents/NetBeansProjects/ProjetJaava/src/modele/Niveau.java</file>
            <file>file:/C:/Users/chris/OneDrive/Documents/NetBeansProjects/ProjetJaava/src/vue/AddForm.java</file>
            <file>file:/C:/Users/chris/OneDrive/Documents/NetBeansProjects/ProjetJaava/src/main/Main.java</file>
            <file>file:/C:/Users/chris/OneDrive/Documents/NetBeansProjects/ProjetJaava/src/vue/TablePanelBulletin.java</file>
            <file>file:/C:/Users/chris/OneDrive/Documents/NetBeansProjects/ProjetJaava/src/controleur/Controleur.java</file>
            <file>file:/C:/Users/chris/OneDrive/Documents/NetBeansProjects/ProjetJaava/src/modele/Bulletin.java</file>
            <file>file:/C:/Users/chris/OneDrive/Documents/NetBeansProjects/ProjetJaava/src/vue/BulletinTableModele.java</file>
            <file>file:/C:/Users/chris/OneDrive/Documents/NetBeansProjects/ProjetJaava/src/vue/MainFrame.java</file>
            <file>file:/C:/Users/chris/OneDrive/Documents/NetBeansProjects/ProjetJaava/src/vue/TablePanelUnBulletin.java</file>
            <file>file:/C:/Users/chris/OneDrive/Documents/NetBeansProjects/ProjetJaava/src/vue/PersonneTableModele.java</file>
            <file>file:/C:/Users/chris/OneDrive/Documents/NetBeansProjects/ProjetJaava/src/modele/Personne.java</file>
            <file>file:/C:/Users/chris/OneDrive/Documents/NetBeansProjects/ProjetJaava/src/vue/AddEval.java</file>
            <file>file:/C:/Users/chris/OneDrive/Documents/NetBeansProjects/ProjetJaava/src/vue/ModifyForm.java</file>
            <file>file:/C:/Users/chris/OneDrive/Documents/NetBeansProjects/ProjetJaava/src/vue/PanelConnexion.java</file>
        </group>
    </open-files>
</project-private>
